ERPNext Item Group,Parent Item Group,Is Group,Exported Direct Items,Enabled Direct Items,Disabled Direct Items,Review Status,Matrix Row,Solution Line,Category,Dealers Max Discount %,Traders Max Discount %,Technicians Max Discount %,NGOs / Parastatals Max Discount %,Corporates Max Discount %,End Users / Retail Max Discount %,Notes,Item Name Examples
Antiscalants,Wt-Chemicals,0,23,23,0,Accepted,14,Water Treatment Chemicals & Media,Chemicals,15.0,12.0,10.8,10.26,10.26,9.234,Accepted by user: use proposed Item Group mapping for all items in this group.,Genesys LF 5L | Genesys SI 5L | Dispers 3F-Scale & Corrosion Inhibitor 25L | Pool (Stain Remover )Antistain  5lrts
Blowers,Equipments,0,12,12,0,Accepted,24,Specialized Industrial Products,Equipment,15.0,12.0,10.8,10.26,10.26,9.234,Accepted by user: use proposed Item Group mapping for all items in this group.,Norwa Blower NHBH-010-3Norwa Blower NHBH-010-36 2R8 3PH 7.5KW Double Stage(Complete With Filter Barrels and Conn6 2R8 3PH 7.5KW Double Stage | Norwa Blower NHBH-5D5-36 2R5 3PH 4.0KW Double Stage(With Filter Barrels and  connectors) | CL2R5 3kW AIR BLOWER | Norwa Blower NHBH 7D5 36 1R8 3PH 5.5KW
Borehole Accessories,Wt-Fittings And Accessories,0,53,53,0,Accepted,8,Water Pumping,Parts,15.0,12.0,10.8,10.26,10.26,9.234,Accepted by user: use proposed Item Group mapping for all items in this group.,"sockets for junction box | Adapter set 11/4"" | steam socket 2 1/2"" | Switch Fuse Unit (TPN) 32A Harvells"
BOREHOLE-,WATER PUMPING,1,0,0,0,Accepted,8,Water Pumping,Parts,15.0,12.0,10.8,10.26,10.26,9.234,Accepted by user: use proposed Item Group mapping for all items in this group.,
BOREHOLE-PARTS,SUBMERSIBLE,0,0,0,0,Accepted,8,Water Pumping,Parts,15.0,12.0,10.8,10.26,10.26,9.234,Accepted by user: use proposed Item Group mapping for all items in this group.,
Cables,All Item Groups,0,33,33,0,Accepted,32,Share Electricals& Cables,Controls & Electricals,10.0,8.0,7.2,6.84,6.84,6.156,Accepted by user: use proposed Item Group mapping for all items in this group.,Underground Cable 6MM X4 Core | Under ground Cable 4mmx3 core | Cable Joint (15-4mm) ST6 | Underground Cable 1.5MM 2 core
CATRIDGES,WT- CONSUMABLE,0,0,0,0,Accepted,11,Water Treatment,Consumables,30.0,24.0,21.6,20.52,20.52,18.468,Accepted by user: use proposed Item Group mapping for all items in this group.,
Chemical Tanks,Wt-Parts,0,12,12,0,Accepted,12,Water Treatment,Parts,10.0,8.0,7.2,6.84,6.84,6.156,Accepted by user: use proposed Item Group mapping for all items in this group.,"Tank with Agitator for CIP 5,000 | Chemical dosing tank 200L Special | Chemical dosing tank 250L | Chemical Dosing Tank Special 120L"
Chemicals,WATER TREATMENT,0,8,8,0,Accepted,14,Water Treatment Chemicals & Media,Chemicals,15.0,12.0,10.8,10.26,10.26,9.234,Accepted by user: use proposed Item Group mapping for all items in this group.,Carboxymethyl Cellulose (CMC) | Sodium Gluconate | Zinc Chloride | Labsa
Coagulants,Wt-Chemicals,0,13,13,0,Accepted,14,Water Treatment Chemicals & Media,Chemicals,15.0,12.0,10.8,10.26,10.26,9.234,Accepted by user: use proposed Item Group mapping for all items in this group.,Sudfloc  475 25l | Slurdge Conditioner 25L | Aluminium Sulphate 50kgs | Indion RS-F (Resin selective for fluoride )
Disinfectants,Wt-Chemicals,0,27,27,0,Accepted,14,Water Treatment Chemicals & Media,Chemicals,15.0,12.0,10.8,10.26,10.26,9.234,Accepted by user: use proposed Item Group mapping for all items in this group.,Calcium Hydroxide (Hydrated Lime) 25Kgs | Chlorine 65 45kg | Chlorine 65% 2kg | Chlorine 65% 20kg
Elecriticals,Wt-Parts,0,205,205,0,Accepted,32,Share Electricals& Cables,Controls & Electricals,10.0,8.0,7.2,6.84,6.84,6.156,Accepted by user: use proposed Item Group mapping for all items in this group.,Enclosure 1000*500*350mm | YDF-3 Paddle Float Switch | Electrode | Auto Cable 2mm Blue
Fasteners,Hardware,0,26,26,0,Accepted,31,Shared Piping / Hardware,Hardware,25.0,20.0,18.0,17.1,17.1,15.39,Accepted by user: use proposed Item Group mapping for all items in this group.,Coupling for 8040 Vessel DN 25 | Coupling for 8040 Vessel DN 40 | Bolts and Nuts | Wall plug 6mm
Filters and Catridges,Consumable,0,164,164,0,Accepted,11,Water Treatment,Consumables,30.0,24.0,21.6,20.52,20.52,18.468,Accepted by user: use proposed Item Group mapping for all items in this group.,"Washable Net Cartridge 20"" | Spun Filter Catridge 17"" | Block Activated Carbon 17"" | Vontron Membrane 300Gpd"
Filtration Systems,Equipments,0,0,0,0,Accepted,10,Water Treatment,Equipment,50.0,40.0,36.0,34.2,34.2,30.78,Accepted by user: use proposed Item Group mapping for all items in this group.,
Fittings & Accessories,All Item Groups,1,0,0,0,Accepted,29,Shared Piping / Hardware,"Fittings & Accessories (PVC,PPR,HDPE,GI)",25.0,20.0,18.0,17.1,17.1,15.39,Accepted by user: use proposed Item Group mapping for all items in this group.,
Fixtures & Fittings,WT- CONSUMABLE,0,9,9,0,Accepted,31,Shared Piping / Hardware,Hardware,25.0,20.0,18.0,17.1,17.1,15.39,Accepted by user: use proposed Item Group mapping for all items in this group.,Bottle trap | RHs 40x25x1.5mm | RHS 75X50X3mm | Flat bar 40X3mm
FLOW METERS,WTE- PARTS,0,0,0,0,Accepted,27,Specialized Industrial Products,Parts,10.0,8.0,7.2,6.84,6.84,6.156,Accepted by user: use proposed Item Group mapping for all items in this group.,
GI Fittings,Fittings & Accessories,0,53,53,0,Accepted,29,Shared Piping / Hardware,"Fittings & Accessories (PVC,PPR,HDPE,GI)",25.0,20.0,18.0,17.1,17.1,15.39,Accepted by user: use proposed Item Group mapping for all items in this group.,"Elbow 2' GI | GI Reducing Bush 4""x2"" | Gi Female Elbow 3"" | Socket 1/2"" GI"
Hardware,All Item Groups,1,0,0,0,Accepted,31,Shared Piping / Hardware,Hardware,25.0,20.0,18.0,17.1,17.1,15.39,Accepted by user: use proposed Item Group mapping for all items in this group.,
HDPE Fittings,Wt-Fittings And Accessories,0,72,72,0,Accepted,29,Shared Piping / Hardware,"Fittings & Accessories (PVC,PPR,HDPE,GI)",25.0,20.0,18.0,17.1,17.1,15.39,Accepted by user: use proposed Item Group mapping for all items in this group.,Hdpe End Cap 75mm | Hdpe Coupler 25mm | Hdpe Reducing Coupler 40mmx25mm | Hdpe Reduced Coupler 110mmx90mm
HOUSING FOR FILTER,WTE- PARTS,0,0,0,0,Accepted,12,Water Treatment,Parts,10.0,8.0,7.2,6.84,6.84,6.156,Accepted by user: use proposed Item Group mapping for all items in this group.,
Installation Consumables,Consumable,0,13,13,0,Accepted,33,Shared Piping / Hardware,Consumables,25.0,20.0,18.0,17.1,17.1,15.39,Accepted by user: use proposed Item Group mapping for all items in this group.,Sealing rose | Screws 3'' | Tangit glue | Drill bits 6mm
Inverters,Equipments,0,15,15,0,Accepted,21,Solar Equipment,Equipment,25.0,20.0,18.0,17.1,17.1,15.39,Accepted by user: use proposed Item Group mapping for all items in this group.,Sunverter SVB 3.7Kw 3PH | 300W Inverter | 5KVA Inverter | Inverter
MEMBRANES,Membrane,0,0,0,0,Accepted,11,Water Treatment,Consumables,30.0,24.0,21.6,20.52,20.52,18.468,Accepted by user: use proposed Item Group mapping for all items in this group.,
P.U FOOD PIPES,Plumbing Fittings &Accessories,0,0,0,0,Accepted,30,Shared Piping / Hardware,Plumbing & Piping Accessories,25.0,20.0,18.0,17.1,17.1,15.39,Accepted by user: use proposed Item Group mapping for all items in this group.,
PH Correction Chemicals,Wt-Chemicals,0,9,9,0,Accepted,14,Water Treatment Chemicals & Media,Chemicals,15.0,12.0,10.8,10.26,10.26,9.234,Accepted by user: use proposed Item Group mapping for all items in this group.,PH Plus Liquid  5L | PH Plus Liquid 20L | Ph  Plus Liquid 20 Ltrs | PH plus 5kg
Pipes,Plumbing Fittings &Accessories,0,63,63,0,Accepted,30,Shared Piping / Hardware,Plumbing & Piping Accessories,25.0,20.0,18.0,17.1,17.1,15.39,Accepted by user: use proposed Item Group mapping for all items in this group.,"Cpvc Pipe 1"" | Borehole column pipe  2"" 27Bar*3m | Airline Pipes | Reinforced braided horse pipe 1/2"""
Pool chemicals,Wt-Chemicals,0,11,11,0,Accepted,19,Swimming Pools,Chemicals,15.0,12.0,10.8,10.26,10.26,9.234,Accepted by user: use proposed Item Group mapping for all items in this group.,Magic touch 5ltrs | Blue buddies | Super Touch 20L | HTH Clear Blue
Pool Consumables,Consumable,0,17,17,0,Accepted,18,Swimming Pools,Consumables,15.0,12.0,10.8,10.26,10.26,9.234,Accepted by user: use proposed Item Group mapping for all items in this group.,HI-Vac-Brush | Floor Washing Brush with Handle | Swimming Pool Brush | Life Boy ring Small
Pool Filters,Equipments,0,11,11,0,Accepted,16,Swimming Pools,Equipment,50.0,40.0,36.0,34.2,34.2,30.78,Accepted by user: use proposed Item Group mapping for all items in this group.,Pool Sand Filter 400 with Top Mount  Valve | Pool Sand Filter 600 With Top Mount Valve | Pool Sand Filter 750 with Side Mount Valve | Pool Sand Filter 800 With Side Mount Valve
Pool Pumps,Equipments,0,9,9,0,Accepted,16,Swimming Pools,Equipment,50.0,40.0,36.0,34.2,34.2,30.78,Accepted by user: use proposed Item Group mapping for all items in this group.,Pool Pump CNP 1 HP | Aurel Swimming Pool Pump | NSA300 2.2KW 50HZ/1PH/220V/Plastic | NSA250 1.85KW 50HZ/1PH/220V/Plastic
PPR Fittings,Wt-Fittings And Accessories,0,69,69,0,Accepted,29,Shared Piping / Hardware,"Fittings & Accessories (PVC,PPR,HDPE,GI)",25.0,20.0,18.0,17.1,17.1,15.39,Accepted by user: use proposed Item Group mapping for all items in this group.,PPR Reducing bush 25mmx20mm | PPR female straight adapter 25x3/4 | PPR male adapter 25x 3/4 | PPR Ball cork 20mm
Project Consumables,All Item Groups,0,2,2,0,Accepted,33,Shared Piping / Hardware,Consumables,25.0,20.0,18.0,17.1,17.1,15.39,Accepted by user: use proposed Item Group mapping for all items in this group.,Perforated min trunking | 1 gang 2 way switch
PROJECTS CONSUMABLES,All Item Groups,0,1,1,0,Accepted,33,Shared Piping / Hardware,Consumables,25.0,20.0,18.0,17.1,17.1,15.39,Accepted by user: use proposed Item Group mapping for all items in this group.,"Elbow 2"" SS316"
PU FITTINGS,WTE- PARTS,0,0,0,0,Accepted,29,Shared Piping / Hardware,"Fittings & Accessories (PVC,PPR,HDPE,GI)",25.0,20.0,18.0,17.1,17.1,15.39,Accepted by user: use proposed Item Group mapping for all items in this group.,
PUMPS,,0,0,0,0,Accepted,7,Water Pumping,Equipment,40.0,32.0,28.8,27.36,27.36,24.624,Accepted by user: use proposed Item Group mapping for all items in this group.,
Purifier Accessories,Wt-Parts,0,7,6,1,Accepted,12,Water Treatment,Parts,10.0,8.0,7.2,6.84,6.84,6.156,Accepted by user: use proposed Item Group mapping for all items in this group.,Faucet Gf-06 for 100gpd min Ro (premium) | Faucet Gf-02 for 100gpd min Ro (standard) | Silicone Membrane Lubricant | Adapter for RO booster pump 100G DAD-2415
Pvc Fittings,Fittings & Accessories,0,237,237,0,Accepted,29,Shared Piping / Hardware,"Fittings & Accessories (PVC,PPR,HDPE,GI)",25.0,20.0,18.0,17.1,17.1,15.39,Accepted by user: use proposed Item Group mapping for all items in this group.,"Cpvc glue 1L | Cpvc Ball Cork 1"" | Cpvc Socket 1"" | Horse Barb 3/4 by 3/4"
Ro Accessories,Wt-Parts,0,125,125,0,Accepted,12,Water Treatment,Parts,10.0,8.0,7.2,6.84,6.84,6.156,Accepted by user: use proposed Item Group mapping for all items in this group.,"Needle valve 3"" SS 304 | Solenoid valve 3"" SS 304 | PH Controller- 750 | Inline Flow Meter 8000LPH"
RO CONTROL PANELS,WTE- PARTS,0,2,2,0,Accepted,32,Share Electricals& Cables,Controls & Electricals,10.0,8.0,7.2,6.84,6.84,6.156,Accepted by user: use proposed Item Group mapping for all items in this group.,11 pin relay base | 24 V RELAY 11 PIN
Ro Machines Accessories,Wt-Parts,1,4,4,0,Accepted,12,Water Treatment,Parts,10.0,8.0,7.2,6.84,6.84,6.156,Accepted by user: use proposed Item Group mapping for all items in this group.,Retainer | plastic tank For Min Ro | Rectangular Top Tank 230L Black | Ferrule Connector 2.5mm
RO PLANTS,WATER TREATMENT,0,0,0,0,Accepted,10,Water Treatment,Equipment,50.0,40.0,36.0,34.2,34.2,30.78,Accepted by user: use proposed Item Group mapping for all items in this group.,
Ro Systems,Equipments,0,32,32,0,Accepted,10,Water Treatment,Equipment,50.0,40.0,36.0,34.2,34.2,30.78,Accepted by user: use proposed Item Group mapping for all items in this group.,125LPH Ro system | Ro Machine 250lph | Water Softener 400LPH | 500lph Reverse Osmosis
Solar Accessories,Wt-Parts,0,16,16,0,Accepted,22,Solar Equipment,Parts,10.0,8.0,7.2,6.84,6.84,6.156,Accepted by user: use proposed Item Group mapping for all items in this group.,Solar Pv Cable  Black | Solar Pv Cable Red | Floodlight 200watts with Panel | PV Disc 1000/16A 1ST PV Disconnect switch
SOLAR ITEMS,WATER TREATMENT,0,1,1,0,Accepted,22,Solar Equipment,Parts,10.0,8.0,7.2,6.84,6.84,6.156,Accepted by user: use proposed Item Group mapping for all items in this group.,Air Terminal/Arrestor c/w Clamp Accessories
SOLENOIDS,WTE- PARTS,0,0,0,0,Accepted,32,Share Electricals& Cables,Controls & Electricals,10.0,8.0,7.2,6.84,6.84,6.156,Accepted by user: use proposed Item Group mapping for all items in this group.,
STERILIZERS,UV Units,0,0,0,0,Accepted,11,Water Treatment,Consumables,30.0,24.0,21.6,20.52,20.52,18.468,Accepted by user: use proposed Item Group mapping for all items in this group.,
SUBMERSIBLE,WATER PUMPING,1,0,0,0,Accepted,7,Water Pumping,Equipment,40.0,32.0,28.8,27.36,27.36,24.624,Accepted by user: use proposed Item Group mapping for all items in this group.,
SURFACE,Equipments,1,0,0,0,Accepted,7,Water Pumping,Equipment,40.0,32.0,28.8,27.36,27.36,24.624,Accepted by user: use proposed Item Group mapping for all items in this group.,
UFS,WATER TREATMENT,0,0,0,0,Accepted,10,Water Treatment,Equipment,50.0,40.0,36.0,34.2,34.2,30.78,Accepted by user: use proposed Item Group mapping for all items in this group.,
UV Units,WATER TREATMENT,1,0,0,0,Accepted,11,Water Treatment,Consumables,30.0,24.0,21.6,20.52,20.52,18.468,Accepted by user: use proposed Item Group mapping for all items in this group.,
Valves,Plumbing Fittings &Accessories,0,32,32,0,Accepted,30,Shared Piping / Hardware,Plumbing & Piping Accessories,25.0,20.0,18.0,17.1,17.1,15.39,Accepted by user: use proposed Item Group mapping for all items in this group.,"Non return valve Peglar ss 1/2'' | Brass Non return Valve  4"" | Brass Ball Valve 4"" | Stainless Steel Tank 100L"
Vessels,Equipments,0,25,25,0,Accepted,10,Water Treatment,Equipment,50.0,40.0,36.0,34.2,34.2,30.78,Accepted by user: use proposed Item Group mapping for all items in this group.,FRP Vessel: 8040-3 300psi | FRP Vessel: 4040-2 1200 psi | FRP Vessel: 8040-4 1000psi | FRP Vessel: 8040-4 1200psi
Vessels Accessories,Wt-Parts,0,16,16,0,Accepted,12,Water Treatment,Parts,10.0,8.0,7.2,6.84,6.84,6.156,Accepted by user: use proposed Item Group mapping for all items in this group.,"End lid  for FRP 4040 vessel | Metallic Plate for FRP 4040 End Cap | Clamps for 8040 Vessel DN 50 | Vacuum Breaker 2"""
Water Analysis Reagents,Wt-Chemicals,0,8,8,0,Accepted,14,Water Treatment Chemicals & Media,Chemicals,15.0,12.0,10.8,10.26,10.26,9.234,Accepted by user: use proposed Item Group mapping for all items in this group.,Esence | Colour | Phenol Red Tablet | Vario Ferro
WATER METER,Water Metrs,0,0,0,0,Accepted,24,Specialized Industrial Products,Equipment,15.0,12.0,10.8,10.26,10.26,9.234,Accepted by user: use proposed Item Group mapping for all items in this group.,
Water Meter Accessories,Wt-Parts,0,10,10,0,Accepted,27,Specialized Industrial Products,Parts,10.0,8.0,7.2,6.84,6.84,6.156,Accepted by user: use proposed Item Group mapping for all items in this group.,Lora Concentrator SM | Lora Mobile Reader | Flange DN15 PVC | Water Meter Demo Kit Stand
Water Metrs,Metering,1,0,0,0,Accepted,24,Specialized Industrial Products,Equipment,15.0,12.0,10.8,10.26,10.26,9.234,Accepted by user: use proposed Item Group mapping for all items in this group.,
WATER PURIFIER,All Item Groups,0,1,1,0,Accepted,12,Water Treatment,Parts,10.0,8.0,7.2,6.84,6.84,6.156,Accepted by user: use proposed Item Group mapping for all items in this group.,Motherboard For Auto Dispenser
Wt-Brine Tanks,Wt-Parts,1,5,5,0,Accepted,12,Water Treatment,Parts,10.0,8.0,7.2,6.84,6.84,6.156,Accepted by user: use proposed Item Group mapping for all items in this group.,Brine TanK 70L | Brine Tank 145L | Brine Tank 130 L | Brine Tank 80L
Wt-Chemicals,Consumable,1,25,25,0,Accepted,14,Water Treatment Chemicals & Media,Chemicals,15.0,12.0,10.8,10.26,10.26,9.234,Accepted by user: use proposed Item Group mapping for all items in this group.,CIP RO 201 -5L | Eco Treat Bacteria Powder | Phosphorous acid 85% | CIP RO 201  25L
Wt-Filter Housing Accessories,Wt-Parts,1,25,25,0,Accepted,12,Water Treatment,Parts,10.0,8.0,7.2,6.84,6.84,6.156,Accepted by user: use proposed Item Group mapping for all items in this group.,"Filter bag 180*450mm /16"" Rubber ring | O-ring for 10"" housing slim | O-Ring for 20"" housing slim | O-Ring For Jumbo Housing 20"""
Wt-Filter Housings,Wt-Parts,1,0,0,0,Accepted,12,Water Treatment,Parts,10.0,8.0,7.2,6.84,6.84,6.156,Accepted by user: use proposed Item Group mapping for all items in this group.,
Wt-Filters And Catridges,Wt-Consumables,1,1,1,0,Accepted,11,Water Treatment,Consumables,30.0,24.0,21.6,20.52,20.52,18.468,Accepted by user: use proposed Item Group mapping for all items in this group.,Bag Filter 10 slim
Wt-Fittings And Accessories,All Item Groups,1,49,49,0,Accepted,29,Shared Piping / Hardware,"Fittings & Accessories (PVC,PPR,HDPE,GI)",25.0,20.0,18.0,17.1,17.1,15.39,Accepted by user: use proposed Item Group mapping for all items in this group.,"Reducing bush brass | Hex Nipple 1/4"" Brass | Brass socket 3/4"" | Reducing Bush 3/4x1/4"" Brass"
Wt-Flow Meters,Wt-Parts,1,0,0,0,Accepted,27,Specialized Industrial Products,Parts,10.0,8.0,7.2,6.84,6.84,6.156,Accepted by user: use proposed Item Group mapping for all items in this group.,
Wt-Frp Tank Accessories,Wt-Parts,0,26,25,1,Accepted,12,Water Treatment,Parts,10.0,8.0,7.2,6.84,6.84,6.156,Accepted by user: use proposed Item Group mapping for all items in this group.,"JD 315  For FRP( 18X65-21X62) | JD218-L Distributor 1 1/2"" L-Long | Distributor JD-215 TO (Distributor JD-215 TOP) | JD 216 Top Distributor FRP 1865-2069"
Wt-Frp Tanks,Wt-Parts,0,17,17,0,Accepted,10,Water Treatment,Equipment,50.0,40.0,36.0,34.2,34.2,30.78,Accepted by user: use proposed Item Group mapping for all items in this group.,"FRP tank 36*72 Double Open 4"" | FRP Tank 20X72 | FRP Tank 8x44 | FRP Tank 10x44"
Wt-Membranes,Consumable,0,44,44,0,Accepted,11,Water Treatment,Consumables,30.0,24.0,21.6,20.52,20.52,18.468,Accepted by user: use proposed Item Group mapping for all items in this group.,Biotech BW 4021 Membrane | Dupont Filmtec  LCLE- Pro-4040 | Hydraunautic 4040 | Membrane 100gpd Taptec
Wt-Membranes Accessories,Membrane,1,5,5,0,Accepted,12,Water Treatment,Parts,10.0,8.0,7.2,6.84,6.84,6.156,Accepted by user: use proposed Item Group mapping for all items in this group.,End Cap for HM 90 | Membrane Connectors for 4040 | Membrane Connectors for 8040 | Endcap 8040 Holder
Wt-Microfilters,Wt-Parts,0,17,17,0,Accepted,10,Water Treatment,Equipment,50.0,40.0,36.0,34.2,34.2,30.78,Accepted by user: use proposed Item Group mapping for all items in this group.,"Microfilter SS 200X1000 40"" 10C | Microfilter HPCF 40""5C Complete with Spun filter 40"" 1 mic | Microfilter HPCF 5DC1 10""5C | Microfilter HPCF 3DC4 40""3C"
Wt-Mpvs,Wt-Parts,0,53,53,0,Accepted,12,Water Treatment,Parts,10.0,8.0,7.2,6.84,6.84,6.156,Accepted by user: use proposed Item Group mapping for all items in this group.,"Auto Softener valve F69A3 (73602) 2m3 (3/4"") | Automatic MPV GL4-2 | Reducer/Adapter 6'-4'JD-505 BJ2 (Reducer/Adapter 6''-4'' BJ-2 JD-505 (Threaded)) | Bottom Distributor SMF 40NB spare part"
Wt-Ph Meter,Wt-Parts,1,0,0,0,Accepted,27,Specialized Industrial Products,Parts,10.0,8.0,7.2,6.84,6.84,6.156,Accepted by user: use proposed Item Group mapping for all items in this group.,
WT-PLANT'S,WATER TREATMENT,1,0,0,0,Accepted,10,Water Treatment,Equipment,50.0,40.0,36.0,34.2,34.2,30.78,Accepted by user: use proposed Item Group mapping for all items in this group.,
Wt-Pressure Gauge,Wt-Parts,1,0,0,0,Accepted,27,Specialized Industrial Products,Parts,10.0,8.0,7.2,6.84,6.84,6.156,Accepted by user: use proposed Item Group mapping for all items in this group.,
Wt-Pressure Switch,Wt-Parts,1,0,0,0,Accepted,32,Share Electricals& Cables,Controls & Electricals,10.0,8.0,7.2,6.84,6.84,6.156,Accepted by user: use proposed Item Group mapping for all items in this group.,
Wt-Pressure Tanks,Wt-Parts,1,8,8,0,Accepted,8,Water Pumping,Parts,15.0,12.0,10.8,10.26,10.26,9.234,Accepted by user: use proposed Item Group mapping for all items in this group.,5 way pipe 80mm Length 440mm for pressure tank | Leo pressure tank 50L | Leo pressure tank 24L | Pressure  Tank 60 Litres
Wt-Project Consumable,All Item Groups,1,29,28,1,Accepted,33,Shared Piping / Hardware,Consumables,25.0,20.0,18.0,17.1,17.1,15.39,Accepted by user: use proposed Item Group mapping for all items in this group.,"Modular Timing Relay | Flat Bar 4mx3mm | CX 500 Filter | Manfold 2 1/2"""
Wt-Pu Fittings,Wt-Fittings And Accessories,0,111,111,0,Accepted,29,Shared Piping / Hardware,"Fittings & Accessories (PVC,PPR,HDPE,GI)",25.0,20.0,18.0,17.1,17.1,15.39,Accepted by user: use proposed Item Group mapping for all items in this group.,Male elbow 3/8x10mm | Elbow 6mm *1/16 | Tee 16mm | PU conn 8mm*3/8 female
Wt-Pump Accessories,Wt-Parts,1,0,0,0,Accepted,8,Water Pumping,Parts,15.0,12.0,10.8,10.26,10.26,9.234,Accepted by user: use proposed Item Group mapping for all items in this group.,
Wt-Pumps,Equipments,1,2,2,0,Accepted,7,Water Pumping,Equipment,40.0,32.0,28.8,27.36,27.36,24.624,Accepted by user: use proposed Item Group mapping for all items in this group.,Pump | Electric High Pressure Washer 4kw
Wt-Pure Water,WT- CONSUMABLE,0,0,0,0,Accepted,10,Water Treatment,Equipment,50.0,40.0,36.0,34.2,34.2,30.78,Accepted by user: use proposed Item Group mapping for all items in this group.,
WT-PURE WATER PLANT,WT- CONSUMABLE,0,0,0,0,Accepted,10,Water Treatment,Equipment,50.0,40.0,36.0,34.2,34.2,30.78,Accepted by user: use proposed Item Group mapping for all items in this group.,
Wt-Pvc Fittings And Pipes,Wt-Fittings And Accessories,1,0,0,0,Accepted,29,Shared Piping / Hardware,"Fittings & Accessories (PVC,PPR,HDPE,GI)",25.0,20.0,18.0,17.1,17.1,15.39,Accepted by user: use proposed Item Group mapping for all items in this group.,
Wt-Ro Machines,Equipments,1,0,0,0,Accepted,10,Water Treatment,Equipment,50.0,40.0,36.0,34.2,34.2,30.78,Accepted by user: use proposed Item Group mapping for all items in this group.,
WT-RO UNIT,WATER TREATMENT,0,0,0,0,Accepted,10,Water Treatment,Equipment,50.0,40.0,36.0,34.2,34.2,30.78,Accepted by user: use proposed Item Group mapping for all items in this group.,
Wt-Smart Water Meters,Wt-Water Meters,0,5,5,0,Accepted,24,Specialized Industrial Products,Equipment,15.0,12.0,10.8,10.26,10.26,9.234,Accepted by user: use proposed Item Group mapping for all items in this group.,Smart Ultrasonic Meter DN 20 | Smart meter DN15 Mechanical | Smart Ultrasonic Meter DN65 | Smart Mech Meter DN 20
Wt-Softener Unit,Wt-Solutions,1,0,0,0,Accepted,10,Water Treatment,Equipment,50.0,40.0,36.0,34.2,34.2,30.78,Accepted by user: use proposed Item Group mapping for all items in this group.,
Wt-Solar Items,Wt-Parts,1,0,0,0,Accepted,22,Solar Equipment,Parts,10.0,8.0,7.2,6.84,6.84,6.156,Accepted by user: use proposed Item Group mapping for all items in this group.,
Wt-Solenoids,Wt-Parts,1,0,0,0,Accepted,32,Share Electricals& Cables,Controls & Electricals,10.0,8.0,7.2,6.84,6.84,6.156,Accepted by user: use proposed Item Group mapping for all items in this group.,
Wt-Uf Units,All Item Groups,0,1,1,0,Accepted,10,Water Treatment,Equipment,50.0,40.0,36.0,34.2,34.2,30.78,Accepted by user: use proposed Item Group mapping for all items in this group.,"UF Demo Kit 20"" SS"
Wt-Water Meters,Equipments,1,0,0,0,Accepted,24,Specialized Industrial Products,Equipment,15.0,12.0,10.8,10.26,10.26,9.234,Accepted by user: use proposed Item Group mapping for all items in this group.,
WTE -Parts,WATER TREATMENT,0,0,0,0,Accepted,12,Water Treatment,Parts,10.0,8.0,7.2,6.84,6.84,6.156,Accepted by user: use proposed Item Group mapping for all items in this group.,
